{"cameraMode":{"drawMode":0,"name":"Shaded","section":"Shading Mode"},"sceneLighting":true,"audioPlay":false,"sceneViewState":{"showFog":true,"showMaterialUpdate":false,"showSkybox":true,"showFlares":true,"showImageEffects":true,"showParticleSystems":true},"in2DMode":false,"pivot":{"x":11.300801277160645,"y":0.3021353781223297,"z":-2.4597079753875734},"rotation":{"x":-0.00585984718054533,"y":-0.9791033864021301,"z":0.2013397514820099,"w":-0.028479181230068208},"size":3.519619941711426,"orthographic":false}